City_ID,City,Lat,Lng,Max Temp,Humidity,Cloudiness,Wind Speed,Country,Date
0,Mount Isa,-20.7333,139.5,76.77,47,0,12.66,AU,2021-07-28 00:41:29
1,Yellowknife,62.456,-114.3525,62.33,48,40,3.0,CA,2021-07-28 00:38:15
2,Kapaa,22.0752,-159.319,85.98,76,90,3.0,US,2021-07-28 00:38:27
3,Mahebourg,-20.4081,57.7,67.24,100,75,14.97,MU,2021-07-28 00:41:30
4,Rikitea,-23.1203,-134.9692,74.12,78,100,14.72,PF,2021-07-28 00:41:30
5,Cape Town,-33.9258,18.4232,52.12,90,20,1.01,ZA,2021-07-28 00:41:30
6,Horqueta,-23.3428,-57.0597,53.58,29,66,8.43,PY,2021-07-28 00:41:31
7,Punta Arenas,-53.15,-70.9167,42.91,87,75,17.27,CL,2021-07-28 00:41:31
8,Pandan,14.0453,124.1694,86.5,69,100,16.73,PH,2021-07-28 00:40:51
9,Quatre Cocos,-20.2078,57.7625,67.08,91,100,13.96,MU,2021-07-28 00:41:31
10,Dingle,10.9995,122.6711,85.03,73,75,16.11,PH,2021-07-28 00:41:32
11,Vagamo,61.8751,9.0967,61.2,98,100,4.7,NO,2021-07-28 00:41:32
12,Bambanglipuro,-7.95,110.2833,78.21,76,78,6.44,ID,2021-07-28 00:41:32
13,Barrow,71.2906,-156.7887,42.82,84,90,19.57,US,2021-07-28 00:41:33
14,Kiama,-34.6833,150.8667,69.28,39,32,8.01,AU,2021-07-28 00:41:33
15,Bluff,-46.6,168.3333,51.8,70,44,11.18,NZ,2021-07-28 00:41:34
16,Busselton,-33.65,115.3333,51.04,75,58,16.49,AU,2021-07-28 00:41:34
17,Hamilton,39.1834,-84.5333,85.23,68,1,3.44,US,2021-07-28 00:38:50
18,Listowel,52.4464,-9.485,56.91,90,46,9.28,IE,2021-07-28 00:41:35
19,Golyshmanovo,56.3979,68.3728,55.36,86,70,3.2,RU,2021-07-28 00:41:35
20,Charters Towers,-20.1,146.2667,73.69,50,4,8.68,AU,2021-07-28 00:41:35
21,Tiznit,29.5833,-9.5,69.69,71,0,2.06,MA,2021-07-28 00:41:36
22,Saldanha,-33.0117,17.9442,53.65,70,100,7.63,ZA,2021-07-28 00:41:36
23,Tabas,33.5959,56.9244,81.5,19,1,7.25,IR,2021-07-28 00:41:37
24,Venancio Aires,-29.6064,-52.1919,45.82,61,0,6.31,BR,2021-07-28 00:41:37
25,Thompson,55.7435,-97.8558,73.56,49,75,9.22,CA,2021-07-28 00:41:37
26,Sakakah,29.9697,40.2064,90.97,23,0,8.37,SA,2021-07-28 00:41:38
27,Hobart,-42.8794,147.3294,57.25,70,75,5.99,AU,2021-07-28 00:37:51
28,Puerto Ayora,-0.7393,-90.3518,71.69,82,23,9.26,EC,2021-07-28 00:41:39
29,Ushuaia,-54.8,-68.3,37.06,93,90,1.14,AR,2021-07-28 00:37:48
30,Kalabo,-14.97,22.6814,48.04,62,4,6.31,ZM,2021-07-28 00:41:40
31,Krasnorechenskiy,44.6265,135.3532,84.16,45,91,3.24,RU,2021-07-28 00:41:41
32,Berlevag,70.8578,29.0864,46.18,89,100,5.95,NO,2021-07-28 00:41:41
33,Bulgan,48.8125,103.5347,61.99,78,80,2.93,MN,2021-07-28 00:41:42
34,Aksarayskiy,46.7924,48.0119,67.98,50,100,7.78,RU,2021-07-28 00:41:42
35,Lago Da Pedra,-4.3333,-45.1667,77.2,56,21,2.48,BR,2021-07-28 00:41:43
36,Bredasdorp,-34.5322,20.0403,54.72,71,100,8.05,ZA,2021-07-28 00:41:43
37,New Norfolk,-42.7826,147.0587,56.91,69,94,4.0,AU,2021-07-28 00:41:44
38,Zemetchino,53.4973,42.6163,62.55,64,12,2.48,RU,2021-07-28 00:41:44
39,Cherskiy,68.75,161.3,39.25,73,100,19.48,RU,2021-07-28 00:41:44
40,Jamestown,42.097,-79.2353,76.32,78,1,5.75,US,2021-07-28 00:41:45
41,Jalu,29.0331,21.5482,80.96,38,0,6.98,LY,2021-07-28 00:37:17
42,Ryotsu,38.0833,138.4333,78.76,69,17,1.83,JP,2021-07-28 00:41:45
43,Chuy,-33.6971,-53.4616,42.37,71,7,16.08,UY,2021-07-28 00:41:46
44,Vila Velha,-20.3297,-40.2925,71.55,88,0,8.05,BR,2021-07-28 00:41:15
45,East London,-33.0153,27.9116,68.79,47,1,13.6,ZA,2021-07-28 00:41:46
46,Castro,-24.7911,-50.0119,48.13,92,100,6.53,BR,2021-07-28 00:41:47
47,Dikson,73.5069,80.5464,37.74,99,100,12.64,RU,2021-07-28 00:41:47
48,Vaini,-21.2,-175.2,69.96,88,75,6.91,TO,2021-07-28 00:41:48
49,Hithadhoo,-0.6,73.0833,80.55,78,100,8.7,MV,2021-07-28 00:41:48
50,Mataura,-46.1927,168.8643,51.48,74,69,0.63,NZ,2021-07-28 00:41:48
51,Arraial Do Cabo,-22.9661,-42.0278,70.95,81,0,24.07,BR,2021-07-28 00:41:49
52,Ponta Do Sol,32.6667,-17.1,73.0,71,5,5.28,PT,2021-07-28 00:41:49
53,Madang,-5.2246,145.7966,83.55,72,67,1.32,PG,2021-07-28 00:41:49
54,Beoumi,7.6736,-5.5764,74.98,87,100,7.16,CI,2021-07-28 00:41:50
55,Kijang,35.2442,129.2139,83.93,76,25,10.98,KR,2021-07-28 00:41:50
56,Chokurdakh,70.6333,147.9167,47.91,51,95,12.17,RU,2021-07-28 00:41:51
57,Bengkulu,-3.8004,102.2655,77.07,70,42,4.16,ID,2021-07-28 00:40:46
58,Cidreira,-30.1811,-50.2056,48.04,53,4,18.61,BR,2021-07-28 00:41:51
59,Faanui,-16.4833,-151.75,77.68,75,30,9.19,PF,2021-07-28 00:41:51
60,Port Elizabeth,-33.918,25.5701,57.49,88,0,16.11,ZA,2021-07-28 00:38:36
61,Khatanga,71.9667,102.5,82.36,45,9,17.98,RU,2021-07-28 00:41:52
62,Otradnoye,59.7775,30.8181,65.17,67,100,4.68,RU,2021-07-28 00:41:52
63,Carnarvon,-24.8667,113.6333,60.87,55,90,9.22,AU,2021-07-28 00:41:53
64,Turukhansk,65.8167,87.9833,52.61,93,100,6.06,RU,2021-07-28 00:41:53
65,Hermanus,-34.4187,19.2345,53.8,69,97,14.47,ZA,2021-07-28 00:41:54
66,San Vicente De Canete,-13.0751,-76.3835,63.55,85,53,5.03,PE,2021-07-28 00:41:54
67,Iqaluit,63.7506,-68.5145,51.53,57,40,18.01,CA,2021-07-28 00:41:54
68,Chapais,49.7834,-74.8492,56.98,66,58,3.56,CA,2021-07-28 00:41:55
69,Harur,12.0667,78.5,74.98,80,100,3.53,IN,2021-07-28 00:41:55
70,Rocha,-34.4833,-54.3333,45.07,82,98,17.76,UY,2021-07-28 00:41:55
71,Gat,31.61,34.7642,81.28,100,0,0.67,IL,2021-07-28 00:41:56
72,Constitucion,-35.3333,-72.4167,45.63,75,0,7.14,CL,2021-07-28 00:41:56
73,Barma,8.35,-11.3333,71.87,99,100,2.28,SL,2021-07-28 00:41:56
74,Huilong,31.8111,121.655,81.03,95,100,22.21,CN,2021-07-28 00:41:57
75,Mount Gambier,-37.8333,140.7667,48.11,87,75,10.36,AU,2021-07-28 00:41:57
76,Bethel,41.3712,-73.414,79.56,79,90,0.0,US,2021-07-28 00:41:58
77,Oneonta,42.4529,-75.0638,67.3,87,100,1.43,US,2021-07-28 00:41:58
78,Butaritari,3.0707,172.7902,81.72,72,100,4.03,KI,2021-07-28 00:41:58
79,Saint George,37.1041,-113.5841,97.39,25,1,7.0,US,2021-07-28 00:41:59
80,Upernavik,72.7868,-56.1549,51.55,69,100,11.9,GL,2021-07-28 00:41:59
81,Eureka,40.8021,-124.1637,59.58,87,100,1.99,US,2021-07-28 00:41:02
82,Mattru,7.6244,-11.8332,73.15,96,100,2.91,SL,2021-07-28 00:42:00
83,Tecoanapa,16.5167,-98.75,82.38,71,88,4.0,MX,2021-07-28 00:42:00
84,Nikolskoye,59.7035,30.7861,65.01,67,100,4.65,RU,2021-07-28 00:42:00
85,Port Alfred,-33.5906,26.891,61.54,86,24,14.5,ZA,2021-07-28 00:42:01
86,Poum,-20.2333,164.0167,72.46,60,8,15.3,NC,2021-07-28 00:37:44
87,Shimoda,34.6667,138.95,82.76,76,100,12.66,JP,2021-07-28 00:42:01
88,Tuktoyaktuk,69.4541,-133.0374,53.6,71,75,6.91,CA,2021-07-28 00:42:02
89,Tiksi,71.6872,128.8694,40.96,82,27,14.09,RU,2021-07-28 00:42:02
90,San Quintin,30.4833,-115.95,73.08,75,1,12.71,MX,2021-07-28 00:42:02
91,Arak,34.0917,49.6892,74.53,26,0,6.26,IR,2021-07-28 00:42:03
92,Amasya,40.6667,35.8333,65.88,91,0,3.56,TR,2021-07-28 00:42:04
93,Wajid,3.8093,43.2471,72.55,70,100,19.15,SO,2021-07-28 00:42:04
94,Sassandra,4.95,-6.0833,74.64,85,58,6.38,CI,2021-07-28 00:42:04
95,Avarua,-21.2078,-159.775,77.05,65,49,4.61,CK,2021-07-28 00:39:39
96,Albany,42.6001,-73.9662,68.81,91,100,1.52,US,2021-07-28 00:42:05
97,Macapa,0.0389,-51.0664,80.58,89,75,4.61,BR,2021-07-28 00:42:05
98,Pavlodar,52.3,76.95,53.4,82,0,2.24,KZ,2021-07-28 00:42:06
99,Kuala Lumpur,3.1431,101.6865,78.35,81,20,1.14,MY,2021-07-28 00:41:39
100,Saint-Augustin,51.226,-58.6502,60.39,99,100,6.91,CA,2021-07-28 00:42:06
101,Rawson,-43.3002,-65.1023,41.86,68,35,14.56,AR,2021-07-28 00:37:27
102,Palmas,-10.2128,-48.3603,75.07,57,0,6.91,BR,2021-07-28 00:42:07
103,Inhambane,-23.865,35.3833,64.54,63,0,5.95,MZ,2021-07-28 00:42:07
104,Broome,42.2506,-75.833,68.77,96,90,1.01,US,2021-07-28 00:42:08
105,Mar Del Plata,-38.0023,-57.5575,47.08,67,75,13.0,AR,2021-07-28 00:39:59
106,Lakhnadon,22.6,79.6,71.82,91,100,9.69,IN,2021-07-28 00:42:08
107,Cabo San Lucas,22.8909,-109.9124,95.61,58,1,13.8,MX,2021-07-28 00:42:09
108,Bremerton,47.5673,-122.6326,88.95,48,1,3.0,US,2021-07-28 00:38:02
109,Haines Junction,60.7522,-137.5108,66.15,55,43,5.75,CA,2021-07-28 00:42:09
110,Okhotsk,59.3833,143.3,62.58,81,94,11.92,RU,2021-07-28 00:42:10
111,Kindu,-2.95,25.95,76.01,43,97,1.25,CD,2021-07-28 00:42:10
112,Kavieng,-2.5744,150.7967,84.69,72,11,8.86,PG,2021-07-28 00:42:10
113,Kaitangata,-46.2817,169.8464,52.93,54,100,2.37,NZ,2021-07-28 00:42:11
114,Luderitz,-26.6481,15.1594,54.79,74,0,8.84,NA,2021-07-28 00:42:11
115,Kloulklubed,7.0419,134.2556,79.3,79,63,10.96,PW,2021-07-28 00:42:12
116,Portobelo,9.55,-79.65,79.86,84,57,4.81,PA,2021-07-28 00:42:12
117,Kodiak,57.79,-152.4072,63.91,55,40,5.75,US,2021-07-28 00:42:13
118,Wanganui,-39.9333,175.05,57.74,72,32,20.0,NZ,2021-07-28 00:37:46
119,The Valley,18.217,-63.0578,82.26,75,4,19.22,AI,2021-07-28 00:42:13
120,Camopi,3.1655,-52.3158,71.69,98,0,2.84,GF,2021-07-28 00:42:13
121,Carutapera,-1.195,-46.02,76.75,85,84,6.35,BR,2021-07-28 00:42:14
122,Nelson Bay,-32.7167,152.15,74.75,49,99,1.99,AU,2021-07-28 00:42:14
123,Luanda,-8.8368,13.2343,71.6,88,75,4.61,AO,2021-07-28 00:42:15
124,Miri,4.4148,114.0089,82.54,89,20,5.75,MY,2021-07-28 00:42:15
125,Richards Bay,-28.783,32.0377,61.61,69,1,15.41,ZA,2021-07-28 00:42:15
126,Atuona,-9.8,-139.0333,78.26,65,0,16.58,PF,2021-07-28 00:42:16
127,Itarema,-2.9248,-39.9167,77.94,82,13,14.88,BR,2021-07-28 00:42:16
128,Marystown,47.1666,-55.1483,61.57,99,100,11.59,CA,2021-07-28 00:41:03
129,Lavrentiya,65.5833,-171.0,44.13,99,100,10.42,RU,2021-07-28 00:42:17
130,Blackwater,-23.5833,148.8833,70.72,53,0,11.21,AU,2021-07-28 00:42:17
131,Catuday,16.2923,119.8062,81.41,84,100,20.07,PH,2021-07-28 00:42:17
132,Hami,42.8,93.45,90.25,15,19,10.87,CN,2021-07-28 00:42:18
133,Souillac,-20.5167,57.5167,67.35,100,75,14.97,MU,2021-07-28 00:42:18
134,Saskylakh,71.9167,114.0833,62.98,47,26,19.98,RU,2021-07-28 00:42:18
135,Hilo,19.7297,-155.09,82.13,80,90,8.05,US,2021-07-28 00:42:19
136,Victoria,22.2855,114.1577,91.96,86,98,1.01,HK,2021-07-28 00:42:18
137,Gao,16.6362,1.637,86.49,53,78,8.23,ML,2021-07-28 00:42:19
138,Cayenne,4.9333,-52.3333,82.09,82,0,5.01,GF,2021-07-28 00:37:47
139,Lasa,46.6166,10.7002,63.86,94,81,3.38,IT,2021-07-28 00:42:20
140,San Buenaventura,27.0833,-101.5333,93.9,17,0,18.9,MX,2021-07-28 00:42:20
141,Zhuzhou,27.8333,113.15,86.13,68,12,7.99,CN,2021-07-28 00:37:24
142,Geraldton,-28.7667,114.6,59.13,88,90,10.36,AU,2021-07-28 00:42:21
143,Provideniya,64.3833,-173.3,50.11,87,90,15.66,RU,2021-07-28 00:42:21
144,Progreso,21.2833,-89.6667,82.51,80,21,9.4,MX,2021-07-28 00:42:21
145,Edd,13.9297,41.6925,89.94,63,36,2.21,ER,2021-07-28 00:42:22
146,Namibe,-15.1961,12.1522,64.47,86,0,2.21,AO,2021-07-28 00:42:22
147,Norman Wells,65.282,-126.8329,71.64,43,75,8.05,CA,2021-07-28 00:42:20
148,Clyde River,70.4692,-68.5914,50.23,71,90,8.05,CA,2021-07-28 00:42:23
149,Tual,-5.6667,132.75,80.76,82,100,16.17,ID,2021-07-28 00:42:23
150,Xingyi,24.1877,102.817,67.46,86,77,2.08,CN,2021-07-28 00:42:24
151,Ilulissat,69.2167,-51.1,55.42,67,100,3.44,GL,2021-07-28 00:42:24
152,Qaanaaq,77.484,-69.3632,42.12,96,99,6.24,GL,2021-07-28 00:42:24
153,Los Llanos De Aridane,28.6585,-17.9182,69.55,82,90,14.97,ES,2021-07-28 00:42:25
154,Tura,25.5198,90.2201,77.13,94,92,3.22,IN,2021-07-28 00:42:25
155,Severo-Kurilsk,50.6789,156.125,57.85,93,100,6.58,RU,2021-07-28 00:42:25
156,Pevek,69.7008,170.3133,36.34,90,97,8.12,RU,2021-07-28 00:42:26
157,Bilibino,68.0546,166.4372,43.09,78,100,3.31,RU,2021-07-28 00:42:26
158,Pudozh,61.8099,36.5345,51.42,68,10,3.87,RU,2021-07-28 00:42:27
159,Lagoa,39.05,-27.9833,70.39,89,100,8.28,PT,2021-07-28 00:42:27
160,Salinopolis,-0.6136,-47.3561,78.82,81,83,9.75,BR,2021-07-28 00:42:27
161,Nanortalik,60.1432,-45.2371,45.23,81,100,6.33,GL,2021-07-28 00:42:28
162,San Patricio,28.017,-97.5169,92.08,60,53,10.78,US,2021-07-28 00:42:28
163,Sao Joao Da Barra,-21.6403,-41.0511,70.83,85,0,15.93,BR,2021-07-28 00:42:28
164,Ketchikan,55.3422,-131.6461,64.87,68,75,8.05,US,2021-07-28 00:42:29
165,Guia De Isora,28.2115,-16.7795,68.16,80,14,6.26,ES,2021-07-28 00:42:29
166,Sidney,-33.8679,151.2073,72.32,40,0,20.0,AU,2021-07-28 00:41:44
167,Grand Forks,47.9417,-97.4337,87.53,24,75,6.91,US,2021-07-28 00:37:36
168,Codrington,-38.2667,141.9667,49.68,84,100,22.1,AU,2021-07-28 00:42:30
169,Nouadhibou,20.931,-17.0347,69.78,83,38,20.71,MR,2021-07-28 00:42:30
170,Qianan,44.9932,124.0581,79.65,68,100,5.61,CN,2021-07-28 00:42:30
171,Te Anau,-45.4167,167.7167,50.94,75,100,3.13,NZ,2021-07-28 00:42:31
172,Ust-Koksa,50.2696,85.6108,55.18,93,100,2.77,RU,2021-07-28 00:42:31
173,Milton,34.1322,-84.3007,80.22,92,81,4.7,US,2021-07-28 00:37:39
174,Baruun-Urt,46.6806,113.2792,74.73,45,30,7.63,MN,2021-07-28 00:42:32
175,Padang,-0.9492,100.3543,75.25,85,89,1.61,ID,2021-07-28 00:42:32
176,Riihimaki,60.7377,24.7773,68.04,61,100,5.28,FI,2021-07-28 00:42:32
177,Ukiah,39.1502,-123.2078,97.12,26,1,6.91,US,2021-07-28 00:42:33
178,Ribeira Grande,38.5167,-28.7,72.12,84,37,10.02,PT,2021-07-28 00:42:33
179,Diffa,13.3154,12.6113,75.36,84,100,12.12,NE,2021-07-28 00:42:34
180,Kanbe,16.7053,96.0017,77.05,85,100,7.38,MM,2021-07-28 00:42:34
181,Show Low,34.2542,-110.0298,68.72,75,1,0.0,US,2021-07-28 00:41:21
182,Shenjiamen,29.9576,122.298,78.62,93,100,14.2,CN,2021-07-28 00:42:34
183,Brae,60.3964,-1.353,55.31,95,99,5.84,GB,2021-07-28 00:38:42
184,Sitka,57.0531,-135.33,60.69,77,75,0.0,US,2021-07-28 00:39:51
185,Alofi,-19.0595,-169.9187,80.49,69,75,5.75,NU,2021-07-28 00:42:35
186,Oussouye,12.485,-16.5469,82.58,79,100,7.14,SN,2021-07-28 00:42:35
187,Burnie,-41.0667,145.9167,55.92,83,91,20.02,AU,2021-07-28 00:42:36
188,Mwene-Ditu,-7.0,23.45,60.69,37,37,4.54,CD,2021-07-28 00:42:36
189,Kutum,14.2,24.6667,69.55,75,100,2.71,SD,2021-07-28 00:42:36
190,Batagay-Alyta,67.8006,130.4114,51.22,53,31,15.37,RU,2021-07-28 00:42:37
191,Ngunguru,-35.6167,174.5,66.16,66,68,10.6,NZ,2021-07-28 00:42:37
192,Meulaboh,4.1363,96.1285,77.54,88,77,3.33,ID,2021-07-28 00:42:38
193,Naze,28.3667,129.4833,81.52,86,52,12.35,JP,2021-07-28 00:42:38
194,Martapura,-3.4167,114.85,78.89,89,11,4.61,ID,2021-07-28 00:42:38
195,Lata,40.1629,-8.3327,61.92,98,21,1.5,PT,2021-07-28 00:42:39
196,Vrangel,42.7297,133.0839,77.63,81,22,6.67,RU,2021-07-28 00:42:39
197,Russell,32.3502,-85.1999,79.52,94,1,6.91,US,2021-07-28 00:42:39
198,Georgetown,5.4112,100.3354,83.89,85,20,1.01,MY,2021-07-28 00:40:56
199,Wamba,8.9333,8.6,69.39,89,97,3.0,NG,2021-07-28 00:39:46
200,Barra Do Garcas,-15.89,-52.2567,75.94,37,93,2.26,BR,2021-07-28 00:42:41
201,Viseu,40.661,-7.9097,58.69,91,0,1.97,PT,2021-07-28 00:42:41
202,Douentza,14.9951,-2.9517,84.31,62,100,5.57,ML,2021-07-28 00:42:42
203,Joigny,47.9829,3.401,63.81,91,100,9.98,FR,2021-07-28 00:42:43
204,Khanpur,28.6453,70.6567,85.77,66,100,16.02,PK,2021-07-28 00:42:43
205,Alta Floresta,-9.8756,-56.0861,75.34,40,3,3.4,BR,2021-07-28 00:42:44
206,Itoman,26.1247,127.6694,86.4,79,75,12.66,JP,2021-07-28 00:42:44
207,Vila Franca Do Campo,37.7167,-25.4333,68.41,87,9,7.87,PT,2021-07-28 00:42:45
208,Viedma,-40.8135,-62.9967,44.56,66,92,19.55,AR,2021-07-28 00:42:45
209,Adrar,20.5022,-10.0711,87.49,30,100,12.71,MR,2021-07-28 00:42:45
210,Horn Lake,34.9554,-90.0348,89.58,69,75,8.05,US,2021-07-28 00:40:31
211,Hovd,48.0056,91.6419,69.93,40,0,1.72,MN,2021-07-28 00:42:46
212,Ambulu,-8.345,113.6058,77.18,73,5,2.28,ID,2021-07-28 00:42:46
213,Uyuni,-20.4597,-66.825,36.79,37,0,22.64,BO,2021-07-28 00:42:46
214,Lyubech,51.7026,30.6569,64.6,97,100,6.49,UA,2021-07-28 00:42:47
215,Masallatah,32.6167,14.0,72.09,80,0,8.08,LY,2021-07-28 00:42:47
216,Jiuquan,39.7432,98.5174,80.8,20,92,0.89,CN,2021-07-28 00:42:47
217,Pisco,-13.7,-76.2167,63.01,82,0,19.57,PE,2021-07-28 00:42:48
218,Grand Gaube,-20.0064,57.6608,67.37,90,100,5.99,MU,2021-07-28 00:42:48
219,Esperance,-33.8667,121.9,48.04,69,2,15.68,AU,2021-07-28 00:42:48
220,Khorixas,-20.3667,14.9667,58.33,30,0,7.87,NA,2021-07-28 00:42:49
221,Beringovskiy,63.05,179.3167,49.15,89,100,11.52,RU,2021-07-28 00:42:49
222,Ocote Paulino,15.4167,-87.6,82.6,96,100,3.2,HN,2021-07-28 00:42:49
223,Kibre Mengist,5.8833,38.9833,58.33,80,100,2.35,ET,2021-07-28 00:42:50
224,Mackay,-21.15,149.2,74.68,73,75,5.75,AU,2021-07-28 00:42:50
225,Owosso,42.9978,-84.1766,79.43,57,1,3.44,US,2021-07-28 00:42:50
226,High Rock,26.6208,-78.2833,84.22,71,0,8.12,BS,2021-07-28 00:42:51
227,Xixiang,35.1628,112.865,80.89,79,95,0.49,CN,2021-07-28 00:42:51
228,Itabera,-23.8619,-49.1372,58.15,94,100,7.25,BR,2021-07-28 00:42:51
229,Wangqing,43.3218,129.7634,89.83,48,1,2.1,CN,2021-07-28 00:42:52
230,Waingapu,-9.6567,120.2641,83.1,60,41,13.91,ID,2021-07-28 00:42:52
231,Pa Sang,18.5262,98.9394,81.01,57,100,1.05,TH,2021-07-28 00:42:52
232,Mpika,-11.8343,31.4529,43.79,70,58,4.76,ZM,2021-07-28 00:42:53
233,Saint-Philippe,-21.3585,55.7679,69.39,89,99,13.56,RE,2021-07-28 00:42:53
234,Guerrero Negro,27.9769,-114.0611,74.66,67,0,17.36,MX,2021-07-28 00:42:53
235,Ulladulla,-35.35,150.4667,68.9,39,6,9.1,AU,2021-07-28 00:42:54
236,Boyabat,41.4689,34.7667,62.98,84,0,5.75,TR,2021-07-28 00:42:54
237,Port Keats,-14.25,129.55,85.17,46,10,0.36,AU,2021-07-28 00:42:54
238,Tasiilaq,65.6145,-37.6368,37.56,80,23,7.87,GL,2021-07-28 00:42:55
239,Socorro,31.6546,-106.3033,96.91,21,40,4.61,US,2021-07-28 00:42:55
240,Sovetskiy,61.3614,63.5842,45.34,79,99,5.73,RU,2021-07-28 00:42:56
241,Longyearbyen,78.2186,15.6401,42.64,93,75,11.5,SJ,2021-07-28 00:42:56
242,Boguchany,58.3814,97.4531,66.38,84,100,7.38,RU,2021-07-28 00:42:56
243,Pangnirtung,66.1451,-65.7125,49.87,72,100,2.77,CA,2021-07-28 00:41:56
244,Yulara,-25.2406,130.9889,64.24,48,90,4.61,AU,2021-07-28 00:42:57
245,Kruisfontein,-34.0033,24.7314,51.89,82,55,15.26,ZA,2021-07-28 00:42:57
246,Tonj,7.2737,28.6822,68.47,96,94,3.65,SS,2021-07-28 00:42:57
247,Dimbokro,6.6451,-4.7048,70.12,97,68,4.23,CI,2021-07-28 00:42:58
248,Ampanihy,-24.7,44.75,60.66,77,0,12.88,MG,2021-07-28 00:42:58
249,Portland,45.5234,-122.6762,90.37,42,20,1.99,US,2021-07-28 00:42:47
250,Ishigaki,24.3448,124.1572,86.13,84,75,4.61,JP,2021-07-28 00:42:58
251,Sarande,39.8756,20.0053,73.13,49,0,2.08,AL,2021-07-28 00:42:59
252,Erzincan,39.75,39.5,65.5,55,0,19.57,TR,2021-07-28 00:42:59
253,Yate,51.5407,-2.4184,62.13,92,39,5.97,GB,2021-07-28 00:42:59
254,Ontario,34.0633,-117.6509,100.87,36,20,8.01,US,2021-07-28 00:39:53
255,Gavrilov-Yam,57.3018,39.8533,53.44,90,13,2.93,RU,2021-07-28 00:43:00
256,Bambous Virieux,-20.3428,57.7575,67.21,100,75,14.97,MU,2021-07-28 00:43:00
257,Santa Maria Da Vitoria,-13.3947,-44.1886,70.86,43,4,2.01,BR,2021-07-28 00:41:42
258,Sisimiut,66.9395,-53.6735,51.69,67,99,7.14,GL,2021-07-28 00:43:01
259,Sao Filipe,14.8961,-24.4956,74.23,80,14,7.34,CV,2021-07-28 00:43:01
260,Mbanza-Ngungu,-5.25,14.8667,65.84,80,9,6.82,CD,2021-07-28 00:43:02
261,Thiruvananthapuram,8.4833,76.9167,78.78,94,40,0.0,IN,2021-07-28 00:42:18
262,Ancud,-41.8697,-73.8203,42.33,84,68,3.24,CL,2021-07-28 00:42:45
263,Abaetetuba,-1.7181,-48.8825,78.84,89,15,6.24,BR,2021-07-28 00:43:02
264,Lock Haven,41.137,-77.4469,80.2,68,67,4.99,US,2021-07-28 00:40:57
265,Merrill,45.1805,-89.6835,80.02,81,1,0.0,US,2021-07-28 00:43:03
266,Saint-Joseph,-21.3667,55.6167,68.38,87,64,14.67,RE,2021-07-28 00:43:03
267,Omsukchan,62.5333,155.8,45.46,67,100,9.62,RU,2021-07-28 00:43:03
268,Creston,41.0586,-94.3614,87.24,89,1,6.91,US,2021-07-28 00:43:04
269,Lobito,-12.3481,13.5456,69.85,85,7,0.45,AO,2021-07-28 00:43:04
270,Pochutla,15.7432,-96.4661,81.82,86,97,0.56,MX,2021-07-28 00:43:04
271,Zhengjiatun,43.5064,123.5064,83.32,58,100,4.68,CN,2021-07-28 00:43:05
272,Narsaq,60.9167,-46.05,46.62,73,99,2.86,GL,2021-07-28 00:43:05
273,San Luis,-33.295,-66.3356,38.41,41,1,8.1,AR,2021-07-28 00:41:34
274,Zabaykalsk,49.6333,117.3167,69.82,67,42,8.41,RU,2021-07-28 00:43:05
275,Lakhimpur,27.95,80.7667,78.84,92,100,4.54,IN,2021-07-28 00:43:06
276,Rabo De Peixe,37.8,-25.5833,67.51,77,20,11.5,PT,2021-07-28 00:42:09
277,Fortuna,40.5982,-124.1573,59.32,93,1,5.75,US,2021-07-28 00:43:06
278,Beaupre,47.0443,-70.8953,68.81,84,82,1.01,CA,2021-07-28 00:43:06
279,Lashio,22.9333,97.75,70.05,96,95,0.4,MM,2021-07-28 00:43:07
280,Kimbe,-5.5502,150.1429,88.38,60,37,2.82,PG,2021-07-28 00:43:07
281,Sola,-13.8833,167.55,79.47,89,75,9.22,VU,2021-07-28 00:43:07
282,Prince Rupert,54.3161,-130.3201,60.89,82,90,6.91,CA,2021-07-28 00:43:08
283,Torbay,47.6666,-52.7314,66.97,96,90,19.57,CA,2021-07-28 00:43:08
284,Vitre,48.1178,-1.2058,60.62,95,24,6.87,FR,2021-07-28 00:43:08
285,Puerto Escondido,15.85,-97.0667,77.83,69,75,6.91,MX,2021-07-28 00:43:09
286,Husavik,66.0449,-17.3389,49.91,99,100,9.28,IS,2021-07-28 00:43:09
287,Villa Carlos Paz,-31.4241,-64.4978,44.38,40,95,1.01,AR,2021-07-28 00:43:09
288,Vardo,70.3705,31.1107,48.4,86,97,15.32,NO,2021-07-28 00:43:10
289,Katherine,-14.4667,132.2667,79.12,61,48,5.75,AU,2021-07-28 00:41:18
290,Rethimnon,35.3647,24.4714,77.05,53,0,6.33,GR,2021-07-28 00:43:10
291,Bilma,18.6853,12.9164,86.9,49,94,8.01,NE,2021-07-28 00:43:11
292,Clonakilty,51.6231,-8.8706,54.61,83,99,14.85,IE,2021-07-28 00:43:11
293,Ahipara,-35.1667,173.1667,60.22,77,49,8.01,NZ,2021-07-28 00:43:11
294,Teguldet,57.3064,88.1667,56.79,79,91,1.41,RU,2021-07-28 00:43:12
295,Bukama,-9.2,25.85,63.23,42,95,3.62,CD,2021-07-28 00:43:12
296,Fare,-16.7,-151.0167,77.76,76,20,9.51,PF,2021-07-28 00:43:12
297,Saint Anthony,45.0205,-93.218,92.98,61,1,3.0,US,2021-07-28 00:43:13
298,Mandalgovi,45.7625,106.2708,68.52,57,42,4.34,MN,2021-07-28 00:43:13
299,Weyburn,49.6668,-103.8511,93.42,29,27,16.11,CA,2021-07-28 00:43:13
300,Varkkallai,8.7341,76.7067,78.58,89,100,5.95,IN,2021-07-28 00:43:14
301,Bandarbeyla,9.4942,50.8122,80.17,51,37,28.81,SO,2021-07-28 00:43:14
302,Masakin,35.7292,10.5808,79.0,78,0,5.75,TN,2021-07-28 00:43:14
303,Frutigen,46.5878,7.6475,64.27,90,97,3.69,CH,2021-07-28 00:43:15
304,Vaitape,-16.5167,-151.75,77.7,75,26,9.1,PF,2021-07-28 00:43:15
305,Muros,42.7762,-9.0603,64.99,82,17,8.7,ES,2021-07-28 00:43:15
306,Gushikawa,26.3544,127.8686,85.62,79,75,12.66,JP,2021-07-28 00:43:16
307,Independencia,-5.3964,-40.3086,77.88,45,7,7.02,BR,2021-07-28 00:43:16
308,Shingu,33.7333,135.9833,83.39,55,99,2.57,JP,2021-07-28 00:43:16
309,Tabou,4.423,-7.3528,76.78,74,100,7.65,CI,2021-07-28 00:43:17
310,Kargil,34.5667,76.1,64.4,50,69,0.11,IN,2021-07-28 00:40:35
311,Awjilah,29.1081,21.2869,80.04,42,0,6.93,LY,2021-07-28 00:43:17
312,Chicama,-7.8447,-79.1469,63.14,84,73,6.38,PE,2021-07-28 00:43:18
313,Noyon,49.5833,3.0,62.82,98,99,6.08,FR,2021-07-28 00:43:18
314,Havoysund,70.9963,24.6622,43.68,90,95,5.84,NO,2021-07-28 00:43:18
315,Bushehr,28.9684,50.8385,94.59,60,8,3.36,IR,2021-07-28 00:43:19
316,Indramayu,-6.3264,108.32,78.91,71,93,7.43,ID,2021-07-28 00:43:19
317,Tres Arroyos,-38.3739,-60.2798,42.28,75,95,17.27,AR,2021-07-28 00:43:19
318,Saint-Pierre,-21.3393,55.4781,67.68,79,90,8.05,RE,2021-07-28 00:38:44
319,Inta,66.0317,60.1659,41.99,95,100,6.71,RU,2021-07-28 00:43:20
320,San Cristobal,7.7669,-72.225,73.58,95,25,1.5,VE,2021-07-28 00:43:20
321,Botwood,49.1499,-55.3482,71.08,92,100,9.8,CA,2021-07-28 00:43:21
322,Kushima,31.4583,131.2333,84.24,60,0,3.74,JP,2021-07-28 00:43:21
323,Inuvik,68.3499,-133.7218,65.26,63,75,3.44,CA,2021-07-28 00:43:21
324,Praia Da Vitoria,38.7333,-27.0667,72.75,94,75,6.67,PT,2021-07-28 00:43:22
325,Limon,10.0,-83.0333,79.83,82,100,2.37,CR,2021-07-28 00:43:22
326,Chocope,-7.7914,-79.2217,63.45,84,90,8.46,PE,2021-07-28 00:43:22
327,Namatanai,-3.6667,152.4333,85.39,65,11,4.97,PG,2021-07-28 00:43:23
328,Pachino,36.7186,15.0907,75.24,56,0,6.8,IT,2021-07-28 00:43:23
329,Andover,51.2083,-1.4825,63.14,92,75,1.01,GB,2021-07-28 00:43:23
330,Lebyazhye,55.2689,66.4947,54.72,89,100,7.7,RU,2021-07-28 00:43:24
331,Wahiawa,21.5028,-158.0236,86.32,61,40,14.97,US,2021-07-28 00:40:20
332,Laon,49.5667,3.6667,60.67,96,50,6.4,FR,2021-07-28 00:43:24
333,Roma,43.2128,-75.4557,69.94,86,90,6.91,US,2021-07-28 00:43:25
334,Auki,-8.7676,160.7034,85.51,61,94,3.4,SB,2021-07-28 00:43:25
335,Sorland,67.667,12.6934,55.33,88,9,9.57,NO,2021-07-28 00:43:25
336,Farafangana,-22.8167,47.8333,64.11,88,84,6.46,MG,2021-07-28 00:43:26
337,Yairipok,24.6667,94.0667,71.87,97,89,3.33,IN,2021-07-28 00:43:26
338,Katobu,-4.9408,122.5276,82.36,73,54,5.99,ID,2021-07-28 00:43:26
339,Klaksvik,62.2266,-6.589,52.72,97,100,5.99,FO,2021-07-28 00:43:27
340,Vanimo,-2.6741,141.3028,85.3,69,11,5.48,PG,2021-07-28 00:43:27
341,Lere,10.387,8.5726,66.06,97,100,4.32,NG,2021-07-28 00:43:27
342,Lincoln,40.8,-96.667,94.12,56,1,1.99,US,2021-07-28 00:42:15
343,Yatou,37.15,122.3833,83.77,62,100,6.58,CN,2021-07-28 00:39:18
344,Talara,-4.5772,-81.2719,67.03,92,34,14.23,PE,2021-07-28 00:43:28
345,Limulunga,-15.0969,23.1376,49.28,61,3,7.2,ZM,2021-07-28 00:43:29
346,Anahuac,27.2333,-100.15,95.92,21,98,12.53,MX,2021-07-28 00:43:29
347,Colares,38.7992,-9.4469,67.68,76,0,17.0,PT,2021-07-28 00:43:29
348,Teberda,43.4456,41.7448,57.09,97,81,2.84,RU,2021-07-28 00:43:30
349,Muisne,0.6,-80.0333,75.47,85,100,6.22,EC,2021-07-28 00:43:30
350,Osypenko,46.9136,36.8253,73.83,68,16,6.11,UA,2021-07-28 00:43:30
351,Horsham,51.064,-0.3272,63.75,92,75,6.91,GB,2021-07-28 00:43:31
352,Languyan,5.2618,120.0807,82.58,86,90,10.2,PH,2021-07-28 00:43:31
353,Manitouwadge,49.1215,-85.8403,70.52,59,59,2.46,CA,2021-07-28 00:43:32
354,Zheleznodorozhnyy,55.7503,38.0042,67.35,68,41,2.48,RU,2021-07-28 00:43:32
355,Walvis Bay,-22.9575,14.5053,57.09,71,0,2.3,NA,2021-07-28 00:43:32
356,Komsomolskiy,40.4272,71.7189,81.32,41,2,4.61,UZ,2021-07-28 00:43:33
357,Fukue,32.6881,128.8419,82.76,74,20,6.91,JP,2021-07-28 00:43:33
358,Susanville,40.4163,-120.653,77.83,44,1,8.01,US,2021-07-28 00:43:34
359,Karpogory,64.0019,44.4451,39.6,94,5,3.44,RU,2021-07-28 00:43:34
360,Paamiut,61.994,-49.6678,44.49,80,25,10.16,GL,2021-07-28 00:40:50
361,Camargo,27.6667,-105.1667,92.66,15,62,14.25,MX,2021-07-28 00:43:34
362,Sistranda,63.7256,8.834,67.96,74,77,21.12,NO,2021-07-28 00:43:35
363,Chalala,21.4167,71.1667,78.87,85,100,17.87,IN,2021-07-28 00:43:35
364,Ixtapa,20.7,-105.2,82.44,86,54,3.27,MX,2021-07-28 00:43:36
365,Jutai,-5.1833,-68.9,79.68,73,100,1.12,BR,2021-07-28 00:43:36
366,Sibolga,1.7427,98.7792,78.42,86,52,2.24,ID,2021-07-28 00:43:36
367,Ushtobe,45.2514,77.9838,68.77,41,0,18.21,KZ,2021-07-28 00:43:37
368,Sobolevo,54.4299,31.8996,62.8,96,100,7.07,RU,2021-07-28 00:43:37
369,Paita,-5.0892,-81.1144,67.6,87,8,16.04,PE,2021-07-28 00:43:37
370,Marsh Harbour,26.5412,-77.0636,83.7,73,52,6.22,BS,2021-07-28 00:43:38
371,Hwange,-18.3693,26.5019,52.14,64,0,3.24,ZW,2021-07-28 00:43:38
372,Okha,53.5739,142.9478,70.9,85,100,3.13,RU,2021-07-28 00:43:38
373,Baghdad,33.3406,44.4009,94.91,21,0,13.8,IQ,2021-07-28 00:40:17
374,Noumea,-22.2763,166.4572,75.18,99,36,14.03,NC,2021-07-28 00:43:39
375,Sioux Lookout,50.1001,-91.917,79.18,44,40,0.0,CA,2021-07-28 00:43:03
376,Villarrica,-25.75,-56.4333,44.49,41,0,5.88,PY,2021-07-28 00:43:39
377,San Carlos De Bariloche,-41.1456,-71.3082,38.44,47,0,5.75,AR,2021-07-28 00:43:40
378,Sandwick,60.0,-1.25,55.22,94,90,4.61,GB,2021-07-28 00:43:40
379,Assos,37.9333,22.8333,84.16,45,0,2.62,GR,2021-07-28 00:43:40
380,Taoudenni,22.6783,-3.9836,100.29,9,98,9.33,ML,2021-07-28 00:43:41
381,Brownsville,25.9018,-97.4975,87.98,68,1,3.0,US,2021-07-28 00:43:41
382,Inongo,-1.95,18.2667,66.78,49,7,2.75,CD,2021-07-28 00:43:42
383,Hofn,64.2539,-15.2082,53.67,85,100,5.82,IS,2021-07-28 00:43:42
384,Finote Selam,10.7,37.2667,58.33,99,100,2.19,ET,2021-07-28 00:43:42
385,Salgueiro,-8.0742,-39.1192,75.16,68,100,15.14,BR,2021-07-28 00:39:26
386,Buala,-8.145,159.5921,82.76,75,81,9.26,SB,2021-07-28 00:43:43
387,Okato,-39.2,173.8833,56.43,74,29,10.0,NZ,2021-07-28 00:43:43
388,Wuxue,29.8506,115.5525,77.99,90,100,12.41,CN,2021-07-28 00:43:43
389,Anadyr,64.75,177.4833,50.5,93,75,20.0,RU,2021-07-28 00:43:44
390,Xinxiang,35.3089,113.8672,76.64,88,100,12.28,CN,2021-07-28 00:39:59
391,Funtua,11.5233,7.3081,65.8,97,92,6.58,NG,2021-07-28 00:43:45
392,Camacha,33.0833,-16.3333,69.53,68,75,13.8,PT,2021-07-28 00:43:46
393,Envira,-7.3,-70.2167,76.66,72,53,1.28,BR,2021-07-28 00:43:47
394,Bathsheba,13.2167,-59.5167,81.21,78,40,16.11,BB,2021-07-28 00:43:47
395,Airai,-8.9266,125.4092,71.62,37,91,4.76,TL,2021-07-28 00:43:48
396,Mbour,14.422,-16.9638,80.69,77,100,14.54,SN,2021-07-28 00:43:48
397,Hualmay,-11.0964,-77.6139,64.29,85,46,11.18,PE,2021-07-28 00:43:48
398,Port Blair,11.6667,92.75,82.17,85,100,19.37,IN,2021-07-28 00:43:49
399,Paso De Los Toros,-32.8167,-56.5167,39.97,70,2,13.04,UY,2021-07-28 00:43:49
400,Rafsanjan,30.4067,55.9939,78.22,18,5,6.78,IR,2021-07-28 00:43:50
401,Ostrovnoy,68.0531,39.5131,52.09,79,100,4.65,RU,2021-07-28 00:42:54
402,Shubarkuduk,49.1447,56.4872,66.78,38,100,8.7,KZ,2021-07-28 00:43:50
403,Leh,34.1667,77.5833,63.61,55,98,1.74,IN,2021-07-28 00:43:51
404,Gorontalo,0.5412,123.0595,85.37,68,23,6.82,ID,2021-07-28 00:43:51
405,Soe,-9.8607,124.284,76.48,48,53,7.56,ID,2021-07-28 00:43:51
406,East Chicago,41.6392,-87.4548,86.16,63,1,4.61,US,2021-07-28 00:43:51
407,Roald,62.5833,6.1333,68.16,94,40,0.0,NO,2021-07-28 00:43:52
408,Zhigansk,66.7697,123.3711,57.78,58,100,12.73,RU,2021-07-28 00:43:52
409,Berkovica,44.6156,18.4294,64.71,61,59,4.5,BA,2021-07-28 00:43:52
410,Marquette,46.5333,-87.6335,66.83,73,2,2.04,US,2021-07-28 00:43:53
411,Rio Grande,-32.035,-52.0986,41.95,62,5,20.4,BR,2021-07-28 00:43:53
412,Preobrazheniye,42.9019,133.9064,79.95,70,4,5.41,RU,2021-07-28 00:43:53
413,Pokhara,28.2333,83.9833,73.99,86,100,2.04,NP,2021-07-28 00:43:54
414,Dodge City,37.7528,-100.0171,94.51,49,1,11.99,US,2021-07-28 00:43:54
415,Kachug,53.9606,105.8817,71.33,53,0,2.37,RU,2021-07-28 00:43:54
416,Ndele,8.4109,20.6473,66.69,99,93,3.18,CF,2021-07-28 00:43:55
417,Abeche,13.8292,20.8324,75.43,80,100,4.97,TD,2021-07-28 00:43:55
418,Belaya Gora,68.5333,146.4167,41.5,78,100,12.06,RU,2021-07-28 00:43:56
419,Plettenberg Bay,-34.0527,23.3716,56.57,83,100,12.3,ZA,2021-07-28 00:43:56
420,Praya,14.9215,-23.5087,77.54,73,75,8.05,CV,2021-07-28 00:40:43
421,Kamareddi,18.3167,78.35,71.76,87,100,14.07,IN,2021-07-28 00:43:56
422,Puerto El Triunfo,13.2833,-88.55,86.92,95,100,11.7,SV,2021-07-28 00:43:57
423,Houston,29.7633,-95.3633,92.05,62,75,5.01,US,2021-07-28 00:39:43
424,Aklavik,68.2191,-135.0107,65.23,67,100,5.75,CA,2021-07-28 00:43:57
425,Lebu,-37.6167,-73.65,46.56,80,0,22.1,CL,2021-07-28 00:43:58
426,Centralia,46.7162,-122.9543,87.3,53,1,9.22,US,2021-07-28 00:43:58
427,Ishinomaki,38.4167,141.3,80.6,93,100,19.98,JP,2021-07-28 00:43:58
428,Tessalit,20.1986,1.0114,86.5,44,100,12.93,ML,2021-07-28 00:43:59
429,Kyren,51.6828,102.1408,68.43,76,30,2.04,RU,2021-07-28 00:43:59
430,Yar-Sale,66.8333,70.8333,49.17,67,99,11.45,RU,2021-07-28 00:43:59
431,Hambantota,6.1241,81.1185,77.34,94,100,5.75,LK,2021-07-28 00:44:00
432,Shieli,44.1667,66.75,74.08,26,0,8.19,KZ,2021-07-28 00:41:16
433,Maku,39.2911,44.4521,70.0,57,6,1.81,IR,2021-07-28 00:44:00
434,Koutiala,12.3917,-5.4642,75.61,88,100,7.02,ML,2021-07-28 00:44:00
435,Eyl,7.9803,49.8164,78.33,57,100,19.19,SO,2021-07-28 00:44:01
436,Isangel,-19.55,169.2667,78.91,57,40,9.22,VU,2021-07-28 00:44:01
437,Olafsvik,64.8945,-23.7142,51.48,87,100,13.6,IS,2021-07-28 00:44:01
438,Mazagao,-0.115,-51.2894,80.65,85,24,5.12,BR,2021-07-28 00:44:02
439,Thinadhoo,0.5333,72.9333,80.78,77,100,8.34,MV,2021-07-28 00:44:02
440,Barabash,43.2,131.4833,82.08,53,67,4.16,RU,2021-07-28 00:44:02
441,Ivdel,60.6911,60.4206,47.39,80,99,7.16,RU,2021-07-28 00:44:03
442,Kuna,43.4918,-116.4201,100.96,19,1,1.99,US,2021-07-28 00:44:03
443,Havre-Saint-Pierre,50.2334,-63.5986,59.36,94,75,3.44,CA,2021-07-28 00:44:03
444,El Carmen,8.5106,-73.4478,67.59,97,25,3.33,CO,2021-07-28 00:44:04
445,Las Palmas,28.4204,-14.0131,70.59,68,62,12.66,ES,2021-07-28 00:44:04
446,Langsa,4.4683,97.9683,77.67,89,62,2.24,ID,2021-07-28 00:44:04
447,Margate,51.3813,1.3862,63.3,85,99,3.0,GB,2021-07-28 00:43:58
448,Shihezi,44.3,86.0333,81.45,30,1,7.31,CN,2021-07-28 00:44:05
449,Belmonte,-15.8631,-38.8828,73.9,85,0,8.93,BR,2021-07-28 00:44:05
450,Jinxi,30.4323,116.2922,79.36,89,100,7.81,CN,2021-07-28 00:44:06
451,Lisburn,54.5234,-6.0353,56.01,97,75,1.14,GB,2021-07-28 00:44:06
452,Olavarria,-36.8927,-60.3225,42.12,68,100,20.62,AR,2021-07-28 00:44:06
453,Port Lincoln,-34.7333,135.8667,55.26,61,8,26.53,AU,2021-07-28 00:44:06
454,Montepuez,-13.1256,38.9997,60.67,67,6,8.79,MZ,2021-07-28 00:44:07
455,Galle,6.0367,80.217,79.47,89,98,10.92,LK,2021-07-28 00:44:07
456,Peterhead,57.5058,-1.7981,62.11,94,100,8.84,GB,2021-07-28 00:44:07
457,Fort Nelson,58.8053,-122.7002,67.59,56,40,0.0,CA,2021-07-28 00:44:08
458,Mana,5.6592,-53.7767,77.18,89,10,8.12,GF,2021-07-28 00:44:08
459,Xihe,31.6864,113.4659,81.46,82,64,16.35,CN,2021-07-28 00:44:08
460,Puerto Colombia,10.9878,-74.9547,77.09,86,100,5.61,CO,2021-07-28 00:44:09
461,Lazo,43.3817,133.9014,87.58,58,6,2.86,RU,2021-07-28 00:44:09
462,Spartanburg,34.9496,-81.9321,84.31,74,1,0.0,US,2021-07-28 00:44:09
463,Jiwani,25.05,61.7417,82.33,88,100,9.64,PK,2021-07-28 00:44:10
464,Lapeer,43.0514,-83.3188,81.95,57,40,0.0,US,2021-07-28 00:42:21
465,Dakar,14.6937,-17.4441,80.73,74,75,9.22,SN,2021-07-28 00:43:22
466,Lima,-12.0432,-77.0282,65.89,84,90,10.36,PE,2021-07-28 00:42:46
467,Tocopilla,-22.092,-70.1979,60.89,64,75,7.81,CL,2021-07-28 00:44:10
468,Terney,45.0503,136.6092,78.57,65,71,4.23,RU,2021-07-28 00:44:11
469,Kamenka,51.3223,42.7678,61.3,80,6,3.6,RU,2021-07-28 00:44:11
470,Ust-Maya,60.4167,134.5333,73.8,44,9,5.77,RU,2021-07-28 00:44:12
471,Talnakh,69.4865,88.3972,63.61,85,87,3.2,RU,2021-07-28 00:44:12
472,Kazanskaya,45.4106,40.4361,57.67,85,2,6.26,RU,2021-07-28 00:44:12
473,Kailua,21.4022,-157.7394,89.58,67,75,17.27,US,2021-07-28 00:44:13
474,Chaman,30.9236,66.4512,82.92,31,100,6.15,PK,2021-07-28 00:44:13
475,Przeworsk,50.0591,22.4941,67.35,88,55,3.65,PL,2021-07-28 00:44:13
476,Yenagoa,4.9247,6.2642,72.59,88,77,3.65,NG,2021-07-28 00:44:14
477,Yerbogachen,61.2767,108.0108,79.07,47,3,8.34,RU,2021-07-28 00:44:14
478,Porto Novo,6.4965,2.6036,76.82,82,100,8.16,BJ,2021-07-28 00:44:14
479,Mayor Pablo Lagerenza,-19.9309,-60.7718,59.41,34,100,5.57,PY,2021-07-28 00:44:15
480,Warrnambool,-38.3833,142.4833,54.81,80,100,23.51,AU,2021-07-28 00:44:15
481,Wisconsin Rapids,44.3836,-89.8174,82.98,65,90,6.91,US,2021-07-28 00:44:15
482,Villa Maria,-32.4075,-63.2402,44.94,37,100,11.79,AR,2021-07-28 00:44:16
483,Matara,5.9485,80.5353,78.21,91,95,9.57,LK,2021-07-28 00:44:16
484,Port Macquarie,-31.4333,152.9167,68.9,38,0,9.89,AU,2021-07-28 00:44:16
485,Matamoros,25.5333,-103.25,95.11,26,40,11.5,MX,2021-07-28 00:43:13
486,Narrabri,-30.3167,149.7833,67.51,48,5,21.85,AU,2021-07-28 00:44:17
487,Lorengau,-2.0226,147.2712,83.71,75,4,6.17,PG,2021-07-28 00:44:17
488,Sabaudia,41.3003,13.0282,80.69,62,17,1.83,IT,2021-07-28 00:44:17
489,Khorramabad,33.4878,48.3558,80.24,22,0,5.03,IR,2021-07-28 00:44:18
490,San Policarpo,12.1791,125.5072,87.03,63,99,10.83,PH,2021-07-28 00:44:18
491,Visby,57.6409,18.296,62.85,100,87,5.75,SE,2021-07-28 00:42:36
492,Idritsa,56.3316,28.8988,62.35,97,100,6.69,RU,2021-07-28 00:44:18
493,Imbituba,-28.24,-48.6703,55.29,72,33,17.2,BR,2021-07-28 00:41:00
494,Natalio,-26.7167,-55.0833,38.84,59,0,2.73,PY,2021-07-28 00:44:19
495,Henties Bay,-22.116,14.2845,56.86,84,0,2.91,NA,2021-07-28 00:44:19
496,Abnub,27.2696,31.1511,80.82,38,0,13.71,EG,2021-07-28 00:44:20
497,Shahrud,36.4182,54.9763,73.76,46,0,5.5,IR,2021-07-28 00:44:20
498,Adoni,15.6333,77.2833,74.71,76,100,16.44,IN,2021-07-28 00:44:20
499,Hasaki,35.7333,140.8333,84.49,80,100,20.27,JP,2021-07-28 00:44:20
500,Manggar,-2.8833,108.2667,81.55,77,100,12.35,ID,2021-07-28 00:44:21
501,Lahaina,20.8783,-156.6825,87.8,86,100,11.72,US,2021-07-28 00:44:21
502,Carrickfergus,54.7158,-5.8058,56.53,96,75,1.14,GB,2021-07-28 00:40:18
503,Taraclia,45.9,28.6689,74.1,51,0,5.93,MD,2021-07-28 00:44:22
504,Pacific Grove,36.6177,-121.9166,89.82,82,20,4.0,US,2021-07-28 00:43:21
505,Solbjerg,56.0427,10.0863,60.42,92,98,4.52,DK,2021-07-28 00:44:22
506,Nabire,-3.3667,135.4833,86.09,65,84,0.74,ID,2021-07-28 00:44:22
507,Juegang,32.3174,121.1855,77.34,95,100,23.06,CN,2021-07-28 00:44:23
508,Ossora,59.2353,163.0719,62.31,66,100,5.46,RU,2021-07-28 00:44:23
509,Kerema,-7.9631,145.7785,81.88,78,94,9.26,PG,2021-07-28 00:44:23
510,Krasnoye,49.9145,24.6134,63.75,89,37,3.44,UA,2021-07-28 00:44:24
511,Leningradskiy,69.3833,178.4167,33.93,97,100,9.66,RU,2021-07-28 00:44:24
512,Grindavik,63.8424,-22.4338,51.75,93,0,13.8,IS,2021-07-28 00:44:24
513,Riverton,40.5219,-111.9391,90.64,42,1,14.97,US,2021-07-28 00:44:25
514,Tsaratanana,-16.7833,47.65,64.74,71,91,8.12,MG,2021-07-28 00:44:25
515,Sao Domingos,-13.3983,-46.3183,68.76,40,6,2.91,BR,2021-07-28 00:44:26
516,Isiro,2.7739,27.616,64.67,99,75,0.89,CD,2021-07-28 00:44:26
517,Kenai,60.5544,-151.2583,70.03,71,1,19.57,US,2021-07-28 00:41:39
518,Gazanjyk,39.2446,55.5154,86.52,20,2,8.03,TM,2021-07-28 00:44:26
519,Monrovia,6.3005,-10.7969,76.68,78,100,10.25,LR,2021-07-28 00:39:47
520,Puerto Baquerizo Moreno,-0.9,-89.6,71.6,82,0,12.68,EC,2021-07-28 00:44:27
521,Altamira,-3.2033,-52.2064,75.09,57,3,1.52,BR,2021-07-28 00:44:27
522,Caloundra,-26.8,153.1333,75.36,59,31,5.99,AU,2021-07-28 00:44:28
523,Verkhnyaya Inta,65.9811,60.3094,41.29,94,100,8.16,RU,2021-07-28 00:44:28
524,Guiratinga,-16.3494,-53.7583,72.77,58,53,7.83,BR,2021-07-28 00:44:28
525,Aksarka,66.5606,67.7975,46.02,95,100,12.95,RU,2021-07-28 00:44:29
526,Flin Flon,54.7682,-101.865,73.0,52,0,5.64,CA,2021-07-28 00:44:29
527,Dharchula,29.85,80.5333,74.77,98,89,1.97,IN,2021-07-28 00:44:29
528,Abu Kamal,34.4506,40.9171,87.26,30,0,19.57,SY,2021-07-28 00:44:30
529,Bardiyah,31.7561,25.0865,77.63,67,0,6.76,LY,2021-07-28 00:44:30
530,Hohhot,40.8106,111.6522,70.09,64,40,6.71,CN,2021-07-28 00:44:30
531,Huangnihe,43.5583,128.0239,84.18,59,0,2.39,CN,2021-07-28 00:44:31
532,Bavly,54.393,53.2602,50.47,85,6,4.97,RU,2021-07-28 00:44:31
533,Cap Malheureux,-19.9842,57.6142,67.46,90,100,5.01,MU,2021-07-28 00:44:31
534,Viking,53.1001,-111.7684,75.33,32,0,10.29,CA,2021-07-28 00:44:07
535,Emerald,-23.5333,148.1667,69.35,64,0,10.36,AU,2021-07-28 00:44:32
536,Hinton,53.4001,-117.5857,83.1,39,73,7.38,CA,2021-07-28 00:44:32
537,Comodoro Rivadavia,-45.8667,-67.5,37.26,75,0,3.44,AR,2021-07-28 00:44:33
538,Bugembe,0.4797,33.2344,69.62,62,99,4.63,UG,2021-07-28 00:44:33
539,Ayan,56.45,138.1667,69.1,71,9,7.27,RU,2021-07-28 00:44:33
540,Teya,60.3778,92.6267,57.94,87,100,6.64,RU,2021-07-28 00:44:34
541,Ponta Delgada,37.7333,-25.6667,68.72,83,20,11.5,PT,2021-07-28 00:43:54
542,Tarbes,43.25,0.1667,61.88,94,90,2.3,FR,2021-07-28 00:44:34
543,Loxstedt,53.4667,8.65,63.95,85,100,9.06,DE,2021-07-28 00:44:34
544,Strezhevoy,60.7333,77.5889,57.18,83,10,6.29,RU,2021-07-28 00:44:35
545,Wajir,1.7471,40.0573,72.27,71,100,17.78,KE,2021-07-28 00:44:35
546,Zhuhai,22.2769,113.5678,91.71,79,20,5.75,CN,2021-07-28 00:44:35
547,Alice Springs,-23.7,133.8833,72.95,27,0,10.36,AU,2021-07-28 00:44:36
548,Lazaro Cardenas,17.9583,-102.2,82.74,80,100,3.06,MX,2021-07-28 00:44:36
549,Sur,22.5667,59.5289,96.85,40,100,25.7,OM,2021-07-28 00:44:36
550,Monduli,-3.3,36.45,52.45,78,6,6.49,TZ,2021-07-28 00:44:37
551,Zhanaozen,43.3,52.8,72.93,37,100,19.93,KZ,2021-07-28 00:44:37
552,Staraya Stanitsa,48.35,40.2833,67.62,65,0,5.55,RU,2021-07-28 00:44:37
553,Alberdi,-32.8899,-60.6906,46.04,51,0,1.99,AR,2021-07-28 00:44:38
554,Kokopo,-4.352,152.2633,82.31,70,95,4.18,PG,2021-07-28 00:44:38
555,Lefka,35.1106,32.8506,82.35,48,0,5.37,CY,2021-07-28 00:44:38
556,Beberibe,-4.1797,-38.1306,80.64,87,8,8.68,BR,2021-07-28 00:44:39
557,Iseyin,7.9667,3.6,69.08,91,100,4.05,NG,2021-07-28 00:44:39
558,Petropavl,54.8753,69.1628,57.69,78,94,8.66,KZ,2021-07-28 00:44:39
559,Tateyama,34.9833,139.8667,86.99,81,100,20.87,JP,2021-07-28 00:44:40
560,Santa Cruz,-17.8,-63.1667,62.06,36,90,16.11,BO,2021-07-28 00:41:40
561,Tarabuco,-19.1667,-64.9167,37.09,81,90,3.71,BO,2021-07-28 00:44:40
562,Kaka,37.3482,59.6143,81.59,21,0,4.56,TM,2021-07-28 00:44:40
